{
    "center": [4,4,1.5],
    "radius": 5.0,
    "depth_scale": 1000.0,
    "camera": {
        "w": 640,
        "h": 480,
        "fx": 577.590698,
        "fy": 578.729797,
        "cx": 318.905426,
        "cy": 242.683609,
        "scale": 1000.0
    }
}
